id;media_name;media_type;media_url;media_description;media_alt;media_caption;upload_year;upload_month
1;Object-based Chicken Total;synergies Cotton silver;Account aggregate backing;Ethiopia Washington Awesome;Viaduct;instruction Lakes Ridges;RSS redefine Sausage;back-end
2;Enterprise-wide RAM;Berkshire yellow array;state;24/365 wireless neural;Andorra;Lari Venezuela Track;Bedfordshire Parks U;infrastructure payme
3;Loan Specialist Sausages;Track synergies Sharable;Solutions neural;Loan;cross-platform;Cambridgeshire Phased SMS;Lari;copy Dollar
4;Portugal artificial indigo;Buckinghamshire Future Plastic;Cambridgeshire;invoice RSS;systems;protocol Brand;Springs Account Berk;Kroon Cheese help-de
5;Clothing;wireless deposit AGP;Chips South Intelligent;Portugal;Officer Car Human;SQL;Fish Industrial Berk;National reinvent
6;Riel;Intranet Intelligent;Florida;Barbados Customer;cross-platform Market;Hawaii framework Music;Berkshire payment;transmit
7;Plastic;feed;alliance;Island;protocol;Industrial capacitor;Kina;Hampshire Connecticu
8;Puerto framework;Rustic Sports networks;overriding Prairie extend;Borders;envisioneer AI;user-centric Clothing programming;system productivity;Tuna Upgradable blac
9;Specialist Shoes;circuit XSS Incredible;embrace;Keyboard Alaska Personal;white withdrawal;Ouguiya;payment B2B web-enab;Kansas Personal
10;Profit-focused Planner Ergonomic;parsing Industrial Accountability;digital;Robust compress Fresh;Grove;networks Arkansas;Representative distr;system Chile
