id;new_title;new_content;new_type;created_by;created_date;modified_by;modified_date
1;Division Mouse Loan;best-of-breed;Intranet Fantastic New;transmit HDD;65834;blockchains scalable;70981
2;implement;Automotive Gloves haptic;database;Fantastic content Awesome;80264;bypass Loan Automotive;61282
3;Beauty;SCSI Refined invoice;SMTP;Account Interface FTP;57832;Dynamic model back-end;4785
4;Practical Tools;gold deposit withdrawal;transmitter;indexing;44697;Liaison;19635
5;implementation Tunisian;Public-key Account;bluetooth;Savings Incredible;58736;withdrawal Tasty Monitored;24091
6;mint Chair;matrix Concrete;Future optimizing;project Gloves Account;25857;hybrid;66564
7;communities card;partnerships;Awesome;mission-critical networks salmon;52004;exuding Intelligent invoice;63180
8;Dominica Home cyan;Cotton Kentucky;Web Consultant;Sausages;38480;Ergonomic hacking Adaptive;64351
9;grow;Marks system;Haven deposit synergies;supply-chains Liaison;53634;invoice;58880
10;scalable;Croatia Light Health;connecting Chair Arab;Seamless;21860;Concrete Handcrafted;7395
